chrom	loc_start	loc_end	tcn_em	lcn_em	cf_em	sample_id	patient
chr1	10000	248946422	3	1.0	0.2237807732272999	F065	F001
chr2	10000	242183529	4	2.0	0.1709605904495039	F065	F001
chr3	10000	198285559	3	1.0	0.2237807732272999	F065	F001
chr4	10000	190204555	3	1.0	0.2237807732272999	F065	F001
chr5	10000	181528259	3	1.0	0.2237807732272999	F065	F001
chr6	10000	170795979	3	1.0	0.2237807732272999	F065	F001
chr7	10000	100959139	4	2.0	0.2237807732272999	F065	F001
chr7	100959139	130507400	5	1.0	0.2237807732272999	F065	F001
chr7	130507400	151187473	5	2.0	0.2237807732272999	F065	F001
chr7	151187473	159335973	4		0.200939016995903	F065	F001
chr8	10000	145128636	4	2.0	0.2041009594510189	F065	F001
chr9	10000	138384717	4	2.0	0.1709605904495039	F065	F001
chr10	10000	133787422	3	1.0	0.2237807732272999	F065	F001
chr11	10000	135076622	3	1.0	0.2237807732272999	F065	F001
chr12	10000	133265309	4	2.0	0.1709605904495039	F065	F001
chr13	10000	114354328	4	2.0	0.2237807732272999	F065	F001
chr14	10000	107033718	3	1.0	0.2237807732272999	F065	F001
chr15	10000	101981189	3	1.0	0.2237807732272999	F065	F001
chr16	10000	5079815	3	1.0	0.2237807732272999	F065	F001
chr16	5079815	6317000	0	0.0	0.2237807732272999	F065	F001
chr16	6317000	90328345	2	0.0	0.2237807732272999	F065	F001
chr17	10000	64465506	3	1.0	0.2237807732272999	F065	F001
chr17	64465506	83247441	2	1.0	1.0	F065	F001
chr18	10000	80363285	3	1.0	0.2237807732272999	F065	F001
chr19	10000	58607616	3	1.0	0.2237807732272999	F065	F001
chr20	10000	64434167	4	2.0	0.1709605904495039	F065	F001
chr21	10000	46699983	3	1.0	0.2237807732272999	F065	F001
chr22	10000	50808468	3	1.0	0.2237807732272999	F065	F001
chrX	10000	36137959	7	4.0	0.2237807732272999	F065	F001
chrX	36137959	156030895	7	2.0	0.2237807732272999	F065	F001
chr1	10000	248946422	2	1.0	1.0	A002C107	A002
chr2	10000	242183529	2	1.0	1.0	A002C107	A002
chr3	10000	198285559	2	1.0	1.0	A002C107	A002
chr4	10000	190204555	2	1.0	1.0	A002C107	A002
chr5	10000	181528259	2	1.0	1.0	A002C107	A002
chr6	10000	170795979	2	1.0	1.0	A002C107	A002
chr7	10000	151208131	2	1.0	1.0	A002C107	A002
chr7	151208131	159335973	1	0.0	0.178100382727503	A002C107	A002
chr8	10000	145128636	2	1.0	1.0	A002C107	A002
chr9	10000	138384717	2	1.0	1.0	A002C107	A002
chr10	10000	133787422	2	1.0	1.0	A002C107	A002
chr11	10000	135076622	2	1.0	1.0	A002C107	A002
chr12	10000	133265309	2	1.0	1.0	A002C107	A002
chr13	10000	114354328	2	1.0	1.0	A002C107	A002
chr14	10000	107033718	2	1.0	1.0	A002C107	A002
chr15	10000	101981189	2	1.0	1.0	A002C107	A002
chr16	10000	2097398	3	1.0	0.263065568344556	A002C107	A002
chr16	2097398	90328345	2	1.0	1.0	A002C107	A002
chr17	10000	83247441	2	1.0	1.0	A002C107	A002
chr18	10000	80363285	2	1.0	1.0	A002C107	A002
chr19	10000	19679565	2	1.0	1.0	A002C107	A002
chr19	19679565	24127805	0	0.0	0.335857885261884	A002C107	A002
chr19	24127805	58607616	2	1.0	1.0	A002C107	A002
chr20	10000	64434167	2	1.0	1.0	A002C107	A002
chr21	10000	46699983	2	1.0	1.0	A002C107	A002
chr22	10000	50808468	2	1.0	1.0	A002C107	A002
chrX	10000	156030895	3	1.0	0.335857885261884	A002C107	A002
chr1	10000	248946422	2	0.0	0.214701783522506	F027	F001
chr2	10000	242183529	2	0.0	0.214701783522506	F027	F001
chr3	10000	196217927	3	1.0	0.224623406917523	F027	F001
chr3	196217927	198285559	1	0.0	0.172296869197315	F027	F001
chr4	10000	190204555	5	0.0	0.224623406917523	F027	F001
chr5	10000	181528259	3	1.0	0.224623406917523	F027	F001
chr6	10000	170795979	3	1.0	0.224623406917523	F027	F001
chr7	10000	159335973	6	1.0	0.224623406917523	F027	F001
chr8	10000	145128636	7	2.0	0.224623406917523	F027	F001
chr9	10000	138384717	6	1.0	0.224623406917523	F027	F001
chr10	10000	133787422	2	1.0	1.0	F027	F001
chr11	10000	135076622	2	0.0	0.214701783522506	F027	F001
chr12	10000	133265309	2	0.0	0.214701783522506	F027	F001
chr13	10000	114354328	4	2	1	F027	F001
chr14	10000	107033718	2	1.0	1.0	F027	F001
chr15	10000	101981189	2	1.0	1.0	F027	F001
chr16	10000	90328345	2	1.0	1.0	F027	F001
chr17	10000	83247441	2	1.0	1.0	F027	F001
chr18	10000	80363285	4	2	1	F027	F001
chr19	10000	58607616	6	1.0	0.224623406917523	F027	F001
chr20	10000	64434167	6		0.224623406917523	F027	F001
chr21	10000	46699983	4	2	1	F027	F001
chr22	10000	50808468	4	2	1	F027	F001
chrX	10000	156030895	3	0.0	0.224623406917523	F027	F001
chr1	10000	248946422	2	1.0	1.0	F020	F001
chr2	10000	242183529	2	1.0	1.0	F020	F001
chr3	10000	198285559	2	1.0	1.0	F020	F001
chr4	10000	190204555	2	1.0	1.0	F020	F001
chr5	10000	181528259	2	1.0	1.0	F020	F001
chr6	10000	170795979	2	1.0	1.0	F020	F001
chr7	10000	151208054	2	1.0	1.0	F020	F001
chr7	151208054	159335973	2		0.3	F020	F001
chr8	10000	145128636	2	1.0	1.0	F020	F001
chr9	10000	138384717	2	1.0	1.0	F020	F001
chr10	10000	133787422	2	1.0	1.0	F020	F001
chr11	10000	135076622	2	1.0	1.0	F020	F001
chr12	10000	133265309	2	1.0	1.0	F020	F001
chr13	10000	114354328	2	1.0	1.0	F020	F001
chr14	10000	107033718	2	1.0	1.0	F020	F001
chr15	10000	101981189	2	1.0	1.0	F020	F001
chr16	10000	5079850	2	1.0	1.0	F020	F001
chr16	5079850	6317050	0	0.0	0.3	F020	F001
chr16	6317050	90328345	2	1.0	1.0	F020	F001
chr17	10000	83247441	2	1.0	1.0	F020	F001
chr18	10000	80363285	2	1.0	1.0	F020	F001
chr19	10000	58607616	2	1.0	1.0	F020	F001
chr20	10000	64434167	2	1.0	1.0	F020	F001
chr21	10000	46699983	2	1.0	1.0	F020	F001
chr22	10000	50808468	2	1.0	1.0	F020	F001
chrX	10000	156030895	3	1.0	0.28097596396317	F020	F001
chr1	10000	113699750	2	0.0	0.6018329970829229	F088B	F001
chr1	113699750	248946422	5	2.0	0.340106355609643	F088B	F001
chr2	10000	242183529	4	1.0	0.291934112880752	F088B	F001
chr3	10000	196217921	4	2.0	0.305718961934998	F088B	F001
chr3	196217921	198285559	3		0.351784213557731	F088B	F001
chr4	10000	190204555	3	1.0	0.6018329970829229	F088B	F001
chr5	10000	181528259	4	2.0	0.305718961934998	F088B	F001
chr6	10000	170795979	4	2.0	0.305718961934998	F088B	F001
chr7	10000	100960306	4	1.0	0.596352907516433	F088B	F001
chr7	100960306	159335973	6		0.373709436305619	F088B	F001
chr8	10000	145128636	4	2.0	0.305718961934998	F088B	F001
chr9	10000	138384717	4	1.0	0.291934112880752	F088B	F001
chr10	10000	133787422	3	1.0	0.6018329970829229	F088B	F001
chr11	10000	135076622	3	1.0	0.6018329970829229	F088B	F001
chr12	10000	133265309	4	1.0	0.291934112880752	F088B	F001
chr13	10000	114354328	6		0.6018329970829229	F088B	F001
chr14	10000	107033718	3	1.0	0.334687332733773	F088B	F001
chr15	10000	101981189	2	0.0	0.203748963896284	F088B	F001
chr16	10000	90328345	5	2.0	0.6018329970829229	F088B	F001
chr17	10000	83247441	3	0.0	0.393778739390053	F088B	F001
chr18	10000	80363285	1	0.0	0.591094697299453	F088B	F001
chr19	10000	58607616	3	1.0	0.6018329970829229	F088B	F001
chr20	10000	64434167	6		0.6018329970829229	F088B	F001
chr21	10000	46699983	3		0.4170127110068571	F088B	F001
chr22	10000	50808468	3		0.351784213557731	F088B	F001
chrX	10000	156030895	3	0.0	0.393778739390053	F088B	F001
chr1	10000	248946422	2	1.0	1.0	A002C213	A002
chr2	10000	242183529	2	1.0	1.0	A002C213	A002
chr3	10000	198285559	2	1.0	1.0	A002C213	A002
chr4	10000	190204555	2	1.0	1.0	A002C213	A002
chr5	10000	181528259	2	1.0	1.0	A002C213	A002
chr6	10000	170795979	2	1.0	1.0	A002C213	A002
chr7	10000	100960855	2	1.0	1.0	A002C213	A002
chr7	100960855	102473062	3	1.0	0.200511303919537	A002C213	A002
chr7	102473062	159335973	2	1.0	1.0	A002C213	A002
chr8	10000	145128636	2	1.0	1.0	A002C213	A002
chr9	10000	136334389	2	1.0	1.0	A002C213	A002
chr9	136334389	138384717	3	1.0	0.200511303919537	A002C213	A002
chr10	10000	133787422	2	1.0	1.0	A002C213	A002
chr11	10000	135076622	2	1.0	1.0	A002C213	A002
chr12	10000	133265309	2	1.0	1.0	A002C213	A002
chr13	10000	114354328	2	1.0	1.0	A002C213	A002
chr14	10000	107033718	2	1.0	1.0	A002C213	A002
chr15	10000	101981189	2	1.0	1.0	A002C213	A002
chr16	10000	2092975	3	1.0	0.200511303919537	A002C213	A002
chr16	2092975	90328345	2	1.0	1.0	A002C213	A002
chr17	10000	83247441	2	1.0	1.0	A002C213	A002
chr18	10000	80363285	2	1.0	1.0	A002C213	A002
chr19	10000	58607616	2	1.0	1.0	A002C213	A002
chr20	10000	64434167	2	1.0	1.0	A002C213	A002
chr21	10000	46699983	2	1.0	1.0	A002C213	A002
chr22	10000	50808468	2	1.0	1.0	A002C213	A002
chrX	10000	156030895	5	2.0	0.242302519580299	A002C213	A002
chr1	10000	248946422	2	0.0	0.226313855890285	A001C004	A001
chr2	10000	242183529	2	1.0	1.0	A001C004	A001
chr3	10000	198285559	3	1.0	0.277174239866241	A001C004	A001
chr4	10000	190204555	3	1.0	0.277174239866241	A001C004	A001
chr5	10000	181528259	2	1.0	1.0	A001C004	A001
chr6	10000	170795979	3	1.0	0.277174239866241	A001C004	A001
chr7	10000	159335973	3	1.0	0.277174239866241	A001C004	A001
chr8	10000	145128636	2	1.0	1.0	A001C004	A001
chr9	10000	138384717	2	1.0	1.0	A001C004	A001
chr10	10000	133787422	2	1.0	1.0	A001C004	A001
chr11	10000	135076622	2	0.0	0.226313855890285	A001C004	A001
chr12	10000	133265309	3	1.0	0.277174239866241	A001C004	A001
chr13	10000	114354328	2	1	1	A001C004	A001
chr14	10000	107033718	2	1	1	A001C004	A001
chr15	10000	101981189	2	0.0	0.226313855890285	A001C004	A001
chr16	10000	90328345	2	1.0	1.0	A001C004	A001
chr17	10000	83247441	2	1.0	1.0	A001C004	A001
chr18	10000	80363285	3		0.273053594204988	A001C004	A001
chr19	10000	58607616	2	0.0	0.277174239866241	A001C004	A001
chr20	10000	64434167	2	1	1	A001C004	A001
chr21	10000	46699983	2	1	1	A001C004	A001
chr22	10000	50808468	2	1	1	A001C004	A001
chrX	10000	156030895	1	0	1	A001C004	A001
chr1	10000	248946422	2	1.0	1.0	G013	G001
chr2	10000	242183529	2	1.0	1.0	G013	G001
chr3	10000	198285559	2	1.0	1.0	G013	G001
chr4	10000	190204555	2	1.0	1.0	G013	G001
chr5	10000	181528259	2	1.0	1.0	G013	G001
chr6	10000	170795979	2	1.0	1.0	G013	G001
chr7	10000	159335973	2	1.0	1.0	G013	G001
chr8	10000	145128636	3	1.0	0.257134931658979	G013	G001
chr9	10000	138384717	2	1.0	1.0	G013	G001
chr10	10000	133787422	2	1.0	1.0	G013	G001
chr11	10000	135076622	2	1.0	1.0	G013	G001
chr12	10000	133265309	2	1.0	1.0	G013	G001
chr13	10000	114354328	3	1.0	0.257134931658979	G013	G001
chr14	10000	107033718	2	1.0	1.0	G013	G001
chr15	10000	101981189	2	1.0	1.0	G013	G001
chr16	10000	90328345	2	1.0	1.0	G013	G001
chr17	10000	83247441	2	1.0	1.0	G013	G001
chr18	10000	80363285	2	1.0	1.0	G013	G001
chr19	10000	58607616	2	1.0	1.0	G013	G001
chr20	10000	64434167	2	1.0	1.0	G013	G001
chr21	10000	46699983	2	1.0	1.0	G013	G001
chr22	10000	50808468	2	1.0	1.0	G013	G001
chrX	10000	156030895	1	0.0	0.3	G013	G001
chr1	10000	248946422	2	1.0	1.0	A001C214	A001
chr2	10000	242183529	2	1.0	1.0	A001C214	A001
chr3	10000	198285559	2	1.0	1.0	A001C214	A001
chr4	10000	190204555	2	1.0	1.0	A001C214	A001
chr5	10000	181528259	2	1.0	1.0	A001C214	A001
chr6	10000	170795979	2	1.0	1.0	A001C214	A001
chr7	10000	159335973	2	1.0	1.0	A001C214	A001
chr8	10000	145128636	2	1.0	1.0	A001C214	A001
chr9	10000	138384717	2	1.0	1.0	A001C214	A001
chr10	10000	133787422	2	1.0	1.0	A001C214	A001
chr11	10000	135076622	2	1.0	1.0	A001C214	A001
chr12	10000	133265309	2	1.0	1.0	A001C214	A001
chr13	10000	114354328	2	1.0	1.0	A001C214	A001
chr14	10000	107033718	2	1.0	1.0	A001C214	A001
chr15	10000	101981189	2	1.0	1.0	A001C214	A001
chr16	10000	90328345	2	1.0	1.0	A001C214	A001
chr17	10000	83247441	2	1.0	1.0	A001C214	A001
chr18	10000	80363285	2	1.0	1.0	A001C214	A001
chr19	10000	58607616	2	1.0	1.0	A001C214	A001
chr20	10000	64434167	2	1.0	1.0	A001C214	A001
chr21	10000	46699983	2	1.0	1.0	A001C214	A001
chr22	10000	50808468	2	1.0	1.0	A001C214	A001
chrX	10000	156030895	2		0.3	A001C214	A001
chr1	10000	2783800	4	2.0	0.212274548888938	A002C202	A002
chr1	2783800	30714200	1	0.0	0.743836957616948	A002C202	A002
chr1	30714200	248946422	2	1.0	1.0	A002C202	A002
chr2	10000	242183529	2	1.0	1.0	A002C202	A002
chr3	10000	198285559	2	1.0	1.0	A002C202	A002
chr4	10000	190204555	2	1.0	1.0	A002C202	A002
chr5	10000	181528259	2	1.0	1.0	A002C202	A002
chr6	10000	170795979	2	1.0	1.0	A002C202	A002
chr7	10000	151208150	2	1.0	1.0	A002C202	A002
chr7	151208150	159335973	1	0.0	0.186425868818981	A002C202	A002
chr8	10000	145128636	2	1.0	1.0	A002C202	A002
chr9	10000	138384717	2	1.0	1.0	A002C202	A002
chr10	10000	133787422	2	1.0	1.0	A002C202	A002
chr11	10000	135076622	2	1.0	1.0	A002C202	A002
chr12	10000	133265309	2	1.0	1.0	A002C202	A002
chr13	10000	114354328	2	1.0	1.0	A002C202	A002
chr14	10000	107033718	2	1.0	1.0	A002C202	A002
chr15	10000	101981189	2	1.0	1.0	A002C202	A002
chr16	10000	90328345	2	1.0	1.0	A002C202	A002
chr17	10000	83247441	2	1.0	1.0	A002C202	A002
chr18	10000	80363285	1	0.0	0.7456055632118341	A002C202	A002
chr19	10000	58607616	2	1.0	1.0	A002C202	A002
chr20	10000	64434167	2	1.0	1.0	A002C202	A002
chr21	10000	46699983	2	1.0	1.0	A002C202	A002
chr22	10000	50808468	2	1.0	1.0	A002C202	A002
chrX	10000	156030895	3	1.0	0.494066330975381	A002C202	A002
chr1	10000	248946422	2	1.0	1.0	A001C102	A001
chr2	10000	242183529	2	1.0	1.0	A001C102	A001
chr3	10000	198285559	2	1.0	1.0	A001C102	A001
chr4	10000	190204555	2	1.0	1.0	A001C102	A001
chr5	10000	181528259	2	1.0	1.0	A001C102	A001
chr6	10000	170795979	2	1.0	1.0	A001C102	A001
chr7	10000	159335973	2	1.0	1.0	A001C102	A001
chr8	10000	145128636	2	1.0	1.0	A001C102	A001
chr9	10000	138384717	2	1.0	1.0	A001C102	A001
chr10	10000	133787422	2	1.0	1.0	A001C102	A001
chr11	10000	135076622	2	1.0	1.0	A001C102	A001
chr12	10000	133265309	2	1.0	1.0	A001C102	A001
chr13	10000	114354328	2	1.0	1.0	A001C102	A001
chr14	10000	107033718	2	1.0	1.0	A001C102	A001
chr15	10000	101981189	2	1.0	1.0	A001C102	A001
chr16	10000	90328345	2	1.0	1.0	A001C102	A001
chr17	10000	83247441	2	1.0	1.0	A001C102	A001
chr18	10000	80363285	2	1.0	1.0	A001C102	A001
chr19	10000	58607616	2	1.0	1.0	A001C102	A001
chr20	10000	64434167	2	1.0	1.0	A001C102	A001
chr21	10000	46699983	2	1.0	1.0	A001C102	A001
chr22	10000	50808468	2	1.0	1.0	A001C102	A001
chrX	10000	156030895	1	0	1	A001C102	A001
chr1	10000	248946422	2	1.0	1.0	A001C222	A001
chr2	10000	242183529	2	1.0	1.0	A001C222	A001
chr3	10000	198285559	2	1.0	1.0	A001C222	A001
chr4	10000	190204555	2	1.0	1.0	A001C222	A001
chr5	10000	181528259	2	1.0	1.0	A001C222	A001
chr6	10000	170795979	2	1.0	1.0	A001C222	A001
chr7	10000	159335973	2	1.0	1.0	A001C222	A001
chr8	10000	145128636	2	1.0	1.0	A001C222	A001
chr9	10000	138384717	2	1.0	1.0	A001C222	A001
chr10	10000	133787422	2	1.0	1.0	A001C222	A001
chr11	10000	135076622	2	1.0	1.0	A001C222	A001
chr12	10000	133265309	2	1.0	1.0	A001C222	A001
chr13	10000	114354328	2	1.0	1.0	A001C222	A001
chr14	10000	107033718	2	1.0	1.0	A001C222	A001
chr15	10000	101981189	2	1.0	1.0	A001C222	A001
chr16	10000	90328345	2	1.0	1.0	A001C222	A001
chr17	10000	83247441	2	1.0	1.0	A001C222	A001
chr18	10000	80363285	2	1.0	1.0	A001C222	A001
chr19	10000	58607616	2	1.0	1.0	A001C222	A001
chr20	10000	64434167	2	1.0	1.0	A001C222	A001
chr21	10000	46699983	2	1.0	1.0	A001C222	A001
chr22	10000	50808468	2	1.0	1.0	A001C222	A001
chrX	10000	156030895	1	0	1	A001C222	A001
chr1	10000	248946422	2	1.0	1.0	GAsc1	G001
chr2	10000	242183529	2	1.0	1.0	GAsc1	G001
chr3	10000	198285559	2	1.0	1.0	GAsc1	G001
chr4	10000	190204555	2	1.0	1.0	GAsc1	G001
chr5	10000	181528259	2	1.0	1.0	GAsc1	G001
chr6	10000	170795979	2	1.0	1.0	GAsc1	G001
chr7	10000	159335973	2	1.0	1.0	GAsc1	G001
chr8	10000	145128636	2	1.0	1.0	GAsc1	G001
chr9	10000	138384717	2	1.0	1.0	GAsc1	G001
chr10	10000	133787422	2	1.0	1.0	GAsc1	G001
chr11	10000	135076622	2	1.0	1.0	GAsc1	G001
chr12	10000	133265309	2	1.0	1.0	GAsc1	G001
chr13	10000	114354328	2	1.0	1.0	GAsc1	G001
chr14	10000	107033718	2	1.0	1.0	GAsc1	G001
chr15	10000	101981189	2	1.0	1.0	GAsc1	G001
chr16	10000	90328345	2	1.0	1.0	GAsc1	G001
chr17	10000	83247441	2	1.0	1.0	GAsc1	G001
chr18	10000	80363285	2	1.0	1.0	GAsc1	G001
chr19	10000	58607616	2	1.0	1.0	GAsc1	G001
chr20	10000	64434167	2	1.0	1.0	GAsc1	G001
chr21	10000	46699983	2	1.0	1.0	GAsc1	G001
chr22	10000	50808468	2	1.0	1.0	GAsc1	G001
chrX	10000	156030895	1	0.0	0.277815411443944	GAsc1	G001
chr1	10000	248946422	2	1.0	1.0	G073	G001
chr2	10000	242183529	2	1.0	1.0	G073	G001
chr3	10000	198285559	2	1.0	1.0	G073	G001
chr4	10000	190204555	2	1.0	1.0	G073	G001
chr5	10000	181528259	2	1.0	1.0	G073	G001
chr6	10000	170795979	2	1.0	1.0	G073	G001
chr7	10000	100960255	2	1.0	1.0	G073	G001
chr7	100960255	151187700	3	1.0	0.184827156105083	G073	G001
chr7	151187700	159335973	2	1.0	1.0	G073	G001
chr8	10000	145128636	2	1.0	1.0	G073	G001
chr9	10000	138384717	2	1.0	1.0	G073	G001
chr10	10000	133787422	2	1.0	1.0	G073	G001
chr11	10000	135076622	2	1.0	1.0	G073	G001
chr12	10000	133265309	2	1.0	1.0	G073	G001
chr13	10000	114354328	2	1.0	1.0	G073	G001
chr14	10000	107033718	2	1.0	1.0	G073	G001
chr15	10000	101981189	2	1.0	1.0	G073	G001
chr16	10000	90328345	2	1.0	1.0	G073	G001
chr17	10000	83247441	2	1.0	1.0	G073	G001
chr18	10000	80363285	2	1.0	1.0	G073	G001
chr19	10000	58607616	2	1.0	1.0	G073	G001
chr20	10000	64434167	2	1.0	1.0	G073	G001
chr21	10000	46699983	2	1.0	1.0	G073	G001
chr22	10000	50808468	2	1.0	1.0	G073	G001
chrX	10000	156030895	1	0.0	0.3	G073	G001
chr1	10000	248946422	2	1.0	1.0	A002C020	A002
chr2	10000	242183529	2	1.0	1.0	A002C020	A002
chr3	10000	198285559	2	1.0	1.0	A002C020	A002
chr4	10000	190204555	2	1.0	1.0	A002C020	A002
chr5	10000	181528259	2	1.0	1.0	A002C020	A002
chr6	10000	170795979	2	1.0	1.0	A002C020	A002
chr7	10000	159335973	2	1.0	1.0	A002C020	A002
chr8	10000	145128636	2	1.0	1.0	A002C020	A002
chr9	10000	136334500	2	1.0	1.0	A002C020	A002
chr9	136334500	138384717	3	1.0	0.211839995384183	A002C020	A002
chr10	10000	133787422	2	1.0	1.0	A002C020	A002
chr11	10000	135076622	2	1.0	1.0	A002C020	A002
chr12	10000	133265309	2	1.0	1.0	A002C020	A002
chr13	10000	114354328	2	1.0	1.0	A002C020	A002
chr14	10000	107033718	2	1.0	1.0	A002C020	A002
chr15	10000	101981189	2	1.0	1.0	A002C020	A002
chr16	10000	2097400	3	1.0	0.211839995384183	A002C020	A002
chr16	2097400	90328345	2	1.0	1.0	A002C020	A002
chr17	10000	83247441	2	1.0	1.0	A002C020	A002
chr18	10000	80363285	2	1.0	1.0	A002C020	A002
chr19	10000	19663650	2	1.0	1.0	A002C020	A002
chr19	19663650	24127954	0	0.0	0.5026660790816699	A002C020	A002
chr19	24127954	58607616	2	1.0	1.0	A002C020	A002
chr20	10000	64434167	2	1.0	1.0	A002C020	A002
chr21	10000	46699983	2	1.0	1.0	A002C020	A002
chr22	10000	50808468	2	1.0	1.0	A002C020	A002
chrX	10000	156030895	5	2.0	0.173409525616908	A002C020	A002
chr1	10000	248946422	2	1.0	1.0	FTrans1	F001
chr2	10000	242183529	2	1.0	1.0	FTrans1	F001
chr3	10000	198285559	2	1.0	1.0	FTrans1	F001
chr4	10000	190204555	2	1.0	1.0	FTrans1	F001
chr5	10000	181528259	2	1.0	1.0	FTrans1	F001
chr6	10000	170795979	2	1.0	1.0	FTrans1	F001
chr7	10000	159335973	2	1.0	1.0	FTrans1	F001
chr8	10000	145128636	2	1.0	1.0	FTrans1	F001
chr9	10000	138384717	2	1.0	1.0	FTrans1	F001
chr10	10000	133787422	2	1.0	1.0	FTrans1	F001
chr11	10000	135076622	2	1.0	1.0	FTrans1	F001
chr12	10000	133265309	2	1.0	1.0	FTrans1	F001
chr13	10000	114354328	2	1.0	1.0	FTrans1	F001
chr14	10000	107033718	2	1.0	1.0	FTrans1	F001
chr15	10000	101981189	2	1.0	1.0	FTrans1	F001
chr16	10000	90328345	2	1.0	1.0	FTrans1	F001
chr17	10000	83247441	2	1.0	1.0	FTrans1	F001
chr18	10000	80363285	2	1.0	1.0	FTrans1	F001
chr19	10000	58607616	2	1.0	1.0	FTrans1	F001
chr20	10000	64434167	2	1.0	1.0	FTrans1	F001
chr21	10000	46699983	2	1.0	1.0	FTrans1	F001
chr22	10000	50808468	2	1.0	1.0	FTrans1	F001
chrX	10000	156030895	3	0.0	0.259253711187567	FTrans1	F001
chr1	10000	248946422	2	1.0	1.0	A001C107	A001
chr2	10000	242183529	2	1.0	1.0	A001C107	A001
chr3	10000	198285559	2	1.0	1.0	A001C107	A001
chr4	10000	190204555	2	1.0	1.0	A001C107	A001
chr5	10000	181528259	2	1.0	1.0	A001C107	A001
chr6	10000	170795979	2	1.0	1.0	A001C107	A001
chr7	10000	159335973	2	1.0	1.0	A001C107	A001
chr8	10000	145128636	2	1.0	1.0	A001C107	A001
chr9	10000	138384717	2	1.0	1.0	A001C107	A001
chr10	10000	133787422	2	1.0	1.0	A001C107	A001
chr11	10000	135076622	2	1.0	1.0	A001C107	A001
chr12	10000	133265309	2	1.0	1.0	A001C107	A001
chr13	10000	114354328	2	1.0	1.0	A001C107	A001
chr14	10000	107033718	2	1.0	1.0	A001C107	A001
chr15	10000	101981189	2	1.0	1.0	A001C107	A001
chr16	10000	90328345	2	1.0	1.0	A001C107	A001
chr17	10000	83247441	2	1.0	1.0	A001C107	A001
chr18	10000	80363285	2	1.0	1.0	A001C107	A001
chr19	10000	58607616	2	1.0	1.0	A001C107	A001
chr20	10000	64434167	2	1.0	1.0	A001C107	A001
chr21	10000	46699983	2	1.0	1.0	A001C107	A001
chr22	10000	50808468	2	1.0	1.0	A001C107	A001
chrX	10000	156030895	2		0.3	A001C107	A001
chr1	10000	248946422	2	1.0	1.0	A002C019	A002
chr2	10000	242183529	2	1.0	1.0	A002C019	A002
chr3	10000	198285559	2	1.0	1.0	A002C019	A002
chr4	10000	190204555	2	1.0	1.0	A002C019	A002
chr5	10000	181528259	2	1.0	1.0	A002C019	A002
chr6	10000	170795979	2	1.0	1.0	A002C019	A002
chr7	10000	159335973	2	1.0	1.0	A002C019	A002
chr8	10000	145128636	2	1.0	1.0	A002C019	A002
chr9	10000	138384717	2	1.0	1.0	A002C019	A002
chr10	10000	133787422	2	1.0	1.0	A002C019	A002
chr11	10000	135076622	2	1.0	1.0	A002C019	A002
chr12	10000	133265309	2	1.0	1.0	A002C019	A002
chr13	10000	114354328	2	1.0	1.0	A002C019	A002
chr14	10000	107033718	2	1.0	1.0	A002C019	A002
chr15	10000	101981189	2	1.0	1.0	A002C019	A002
chr16	10000	2097332	3	1.0	0.2129033408569179	A002C019	A002
chr16	2097332	90328345	2	1.0	1.0	A002C019	A002
chr17	10000	83247441	2	1.0	1.0	A002C019	A002
chr18	10000	80363285	2	1.0	1.0	A002C019	A002
chr19	10000	19663650	2	1.0	1.0	A002C019	A002
chr19	19663650	24128000	0	0.0	0.347944164713724	A002C019	A002
chr19	24128000	58607616	2	1.0	1.0	A002C019	A002
chr20	10000	64434167	2	1.0	1.0	A002C019	A002
chr21	10000	46699983	2	1.0	1.0	A002C019	A002
chr22	10000	50808468	2	1.0	1.0	A002C019	A002
chrX	10000	156030895	3	1.0	0.347944164713724	A002C019	A002
chr1	10000	248946422	2	1.0	1.0	A002C023	A002
chr2	10000	242183529	2	1.0	1.0	A002C023	A002
chr3	10000	198285559	2	1.0	1.0	A002C023	A002
chr4	10000	190204555	2	1.0	1.0	A002C023	A002
chr5	10000	181528259	2	1.0	1.0	A002C023	A002
chr6	10000	170795979	2	1.0	1.0	A002C023	A002
chr7	10000	159335973	2	1.0	1.0	A002C023	A002
chr8	10000	145128636	2	1.0	1.0	A002C023	A002
chr9	10000	138384717	2	1.0	1.0	A002C023	A002
chr10	10000	133787422	2	1.0	1.0	A002C023	A002
chr11	10000	135076622	2	1.0	1.0	A002C023	A002
chr12	10000	133265309	2	1.0	1.0	A002C023	A002
chr13	10000	114354328	2	1.0	1.0	A002C023	A002
chr14	10000	107033718	2	1.0	1.0	A002C023	A002
chr15	10000	101981189	2	1.0	1.0	A002C023	A002
chr16	10000	90328345	2	1.0	1.0	A002C023	A002
chr17	10000	83247441	2	1.0	1.0	A002C023	A002
chr18	10000	80363285	2	1.0	1.0	A002C023	A002
chr19	10000	58607616	2	1.0	1.0	A002C023	A002
chr20	10000	64434167	2	1.0	1.0	A002C023	A002
chr21	10000	46699983	2	1	1	A002C023	A002
chr22	10000	50808468	2	1.0	1.0	A002C023	A002
chrX	10000	156030895	3	1.0	0.332185988268034	A002C023	A002
chr1	10000	248946422	2	1.0	1.0	F056	F001
chr2	10000	242183529	2	1.0	1.0	F056	F001
chr3	10000	198285559	2	1.0	1.0	F056	F001
chr4	10000	190204555	2	1.0	1.0	F056	F001
chr5	10000	181528259	2	1.0	1.0	F056	F001
chr6	10000	170795979	2	1.0	1.0	F056	F001
chr7	10000	159335973	2	1.0	1.0	F056	F001
chr8	10000	145128636	2	1.0	1.0	F056	F001
chr9	10000	138384717	2	1.0	1.0	F056	F001
chr10	10000	133787422	2	1.0	1.0	F056	F001
chr11	10000	135076622	2	1.0	1.0	F056	F001
chr12	10000	133265309	2	1.0	1.0	F056	F001
chr13	10000	114354328	2	1.0	1.0	F056	F001
chr14	10000	107033718	2	1.0	1.0	F056	F001
chr15	10000	101981189	2	1.0	1.0	F056	F001
chr16	10000	90328345	2	1.0	1.0	F056	F001
chr17	10000	83247441	2	1.0	1.0	F056	F001
chr18	10000	80363285	2	1.0	1.0	F056	F001
chr19	10000	58607616	2	1.0	1.0	F056	F001
chr20	10000	64434167	2	1.0	1.0	F056	F001
chr21	10000	46699983	2	1.0	1.0	F056	F001
chr22	10000	50808468	2	1.0	1.0	F056	F001
chrX	10000	156030895	3	1.0	0.3392388541147539	F056	F001
chr1	10000	248946422	2	1.0	1.0	F080	F001
chr2	10000	242183529	2	1.0	1.0	F080	F001
chr3	10000	198285559	2	1.0	1.0	F080	F001
chr4	10000	190204555	2	1.0	1.0	F080	F001
chr5	10000	181528259	2	1.0	1.0	F080	F001
chr6	10000	170795979	2	1.0	1.0	F080	F001
chr7	10000	159335973	3	1.0	0.8224167081672781	F080	F001
chr8	10000	145128636	2	1.0	1.0	F080	F001
chr9	10000	138384717	2	1.0	1.0	F080	F001
chr10	10000	133787422	2	1.0	1.0	F080	F001
chr11	10000	135076622	2	1.0	1.0	F080	F001
chr12	10000	133265309	2	1.0	1.0	F080	F001
chr13	10000	114354328	2	1.0	1.0	F080	F001
chr14	10000	107033718	2	1.0	1.0	F080	F001
chr15	10000	101981189	2	1.0	1.0	F080	F001
chr16	10000	90328345	2	1.0	1.0	F080	F001
chr17	10000	83247441	2	1.0	1.0	F080	F001
chr18	10000	80363285	2	1.0	1.0	F080	F001
chr19	10000	58607616	2	1.0	1.0	F080	F001
chr20	10000	64434167	2	1.0	1.0	F080	F001
chr21	10000	46699983	2	1.0	1.0	F080	F001
chr22	10000	50808468	2	1.0	1.0	F080	F001
chrX	10000	156030895	3	1.0	0.372350254594717	F080	F001
chr1	10000	248946422	2	1.0	1.0	G079	G001
chr2	10000	242183529	2	1.0	1.0	G079	G001
chr3	10000	198285559	2	1.0	1.0	G079	G001
chr4	10000	190204555	2	1.0	1.0	G079	G001
chr5	10000	181528259	2	1.0	1.0	G079	G001
chr6	10000	170795979	2	1.0	1.0	G079	G001
chr7	10000	159335973	2	1.0	1.0	G079	G001
chr8	10000	145128636	2	1.0	1.0	G079	G001
chr9	10000	138384717	2	1.0	1.0	G079	G001
chr10	10000	133787422	2	1.0	1.0	G079	G001
chr11	10000	135076622	2	1.0	1.0	G079	G001
chr12	10000	133265309	2	1.0	1.0	G079	G001
chr13	10000	114354328	2	1.0	1.0	G079	G001
chr14	10000	107033718	2	1.0	1.0	G079	G001
chr15	10000	101981189	2	1.0	1.0	G079	G001
chr16	10000	90328345	2	1.0	1.0	G079	G001
chr17	10000	83247441	2	1.0	1.0	G079	G001
chr18	10000	80363285	2	1.0	1.0	G079	G001
chr19	10000	58607616	2	1.0	1.0	G079	G001
chr20	10000	64434167	2	1.0	1.0	G079	G001
chr21	10000	46699983	2	1.0	1.0	G079	G001
chr22	10000	50808468	2	1.0	1.0	G079	G001
chrX	10000	156030895	1	0.0	0.3	G079	G001
chr1	10000	248946422	2	1.0	1.0	A002C209	A002
chr2	10000	242183529	2	1.0	1.0	A002C209	A002
chr3	10000	198285559	2	1.0	1.0	A002C209	A002
chr4	10000	190204555	2	1.0	1.0	A002C209	A002
chr5	10000	181528259	2	1.0	1.0	A002C209	A002
chr6	10000	170795979	2	1.0	1.0	A002C209	A002
chr7	10000	159335973	2	1.0	1.0	A002C209	A002
chr8	10000	145128636	2	1.0	1.0	A002C209	A002
chr9	10000	138384717	2	1.0	1.0	A002C209	A002
chr10	10000	133787422	2	1.0	1.0	A002C209	A002
chr11	10000	135076622	2	1.0	1.0	A002C209	A002
chr12	10000	133265309	2	1.0	1.0	A002C209	A002
chr13	10000	114354328	2	1.0	1.0	A002C209	A002
chr14	10000	107033718	2	1.0	1.0	A002C209	A002
chr15	10000	101981189	2	1.0	1.0	A002C209	A002
chr16	10000	2097300	3	1.0	0.188932878576301	A002C209	A002
chr16	2097300	90328345	2	1.0	1.0	A002C209	A002
chr17	10000	83247441	2	1.0	1.0	A002C209	A002
chr18	10000	80363285	2	1.0	1.0	A002C209	A002
chr19	10000	58607616	2	1.0	1.0	A002C209	A002
chr20	10000	64434167	2	1.0	1.0	A002C209	A002
chr21	10000	46699983	2	1.0	1.0	A002C209	A002
chr22	10000	50808468	2	1.0	1.0	A002C209	A002
chrX	10000	156030895	3	1.0	0.306656361308712	A002C209	A002
chr1	10000	248946422	2	1.0	1.0	F009	F001
chr2	10000	242183529	2	1.0	1.0	F009	F001
chr3	10000	198285559	2	1.0	1.0	F009	F001
chr4	10000	190204555	2	1.0	1.0	F009	F001
chr5	10000	181528259	2	1.0	1.0	F009	F001
chr6	10000	170795979	2	1.0	1.0	F009	F001
chr7	10000	159335973	3	1.0	0.8557419132714449	F009	F001
chr8	10000	145128636	2	1.0	1.0	F009	F001
chr9	10000	138384717	2	1.0	1.0	F009	F001
chr10	10000	133787422	2	1.0	1.0	F009	F001
chr11	10000	135076622	2	1.0	1.0	F009	F001
chr12	10000	133265309	2	1.0	1.0	F009	F001
chr13	10000	114354328	2	1.0	1.0	F009	F001
chr14	10000	107033718	2	1.0	1.0	F009	F001
chr15	10000	101981189	2	1.0	1.0	F009	F001
chr16	10000	90328345	2	1.0	1.0	F009	F001
chr17	10000	83247441	2	1.0	1.0	F009	F001
chr18	10000	80363285	2	1.0	1.0	F009	F001
chr19	10000	58607616	2	1.0	1.0	F009	F001
chr20	10000	64434167	2	1.0	1.0	F009	F001
chr21	10000	46699983	2	1.0	1.0	F009	F001
chr22	10000	50808468	2	1.0	1.0	F009	F001
chrX	10000	156030895	3	1.0	0.3189962987829	F009	F001
chr1	10000	248946422	2	1.0	1.0	F053	F001
chr2	10000	242183529	2	1.0	1.0	F053	F001
chr3	10000	198285559	2	1.0	1.0	F053	F001
chr4	10000	190204555	2	1.0	1.0	F053	F001
chr5	10000	181528259	2	1.0	1.0	F053	F001
chr6	10000	170795979	2	1.0	1.0	F053	F001
chr7	10000	159335973	2	1.0	1.0	F053	F001
chr8	10000	145128636	2	1.0	1.0	F053	F001
chr9	10000	138384717	2	1.0	1.0	F053	F001
chr10	10000	5749621	2	1.0	1.0	F053	F001
chr10	5749621	15213150	0	0.0	0.3	F053	F001
chr10	15213150	133787422	2	1.0	1.0	F053	F001
chr11	10000	135076622	2	1.0	1.0	F053	F001
chr12	10000	133265309	2	1.0	1.0	F053	F001
chr13	10000	114354328	2	1.0	1.0	F053	F001
chr14	10000	107033718	2	1.0	1.0	F053	F001
chr15	10000	101981189	2	1.0	1.0	F053	F001
chr16	10000	90328345	2	1.0	1.0	F053	F001
chr17	10000	83247441	2	1.0	1.0	F053	F001
chr18	10000	80363285	2	1.0	1.0	F053	F001
chr19	10000	58607616	2	1.0	1.0	F053	F001
chr20	10000	64434167	2	1.0	1.0	F053	F001
chr21	10000	46699983	2	1.0	1.0	F053	F001
chr22	10000	50808468	2	1.0	1.0	F053	F001
chrX	10000	156030895	2	1	1	F053	F001
chr1	10000	248946422	2	1.0	1.0	A002C207	A002
chr2	10000	242183529	2	1.0	1.0	A002C207	A002
chr3	10000	198285559	2	1.0	1.0	A002C207	A002
chr4	10000	190204555	2	1.0	1.0	A002C207	A002
chr5	10000	181528259	2	1.0	1.0	A002C207	A002
chr6	10000	170795979	2	1.0	1.0	A002C207	A002
chr7	10000	159335973	2	1.0	1.0	A002C207	A002
chr8	10000	145128636	2	1.0	1.0	A002C207	A002
chr9	10000	138384717	2	1.0	1.0	A002C207	A002
chr10	10000	133787422	2	1.0	1.0	A002C207	A002
chr11	10000	135076622	2	1.0	1.0	A002C207	A002
chr12	10000	133265309	2	1.0	1.0	A002C207	A002
chr13	10000	114354328	2	1.0	1.0	A002C207	A002
chr14	10000	107033718	2	1.0	1.0	A002C207	A002
chr15	10000	101981189	2	1.0	1.0	A002C207	A002
chr16	10000	90328345	2	1.0	1.0	A002C207	A002
chr17	10000	83247441	2	1.0	1.0	A002C207	A002
chr18	10000	80363285	2	1.0	1.0	A002C207	A002
chr19	10000	19679659	2	1.0	1.0	A002C207	A002
chr19	19679659	24127727	0	0.0	0.3	A002C207	A002
chr19	24127727	58607616	2	1.0	1.0	A002C207	A002
chr20	10000	64434167	2	1.0	1.0	A002C207	A002
chr21	10000	46699983	2	1.0	1.0	A002C207	A002
chr22	10000	50808468	2	1.0	1.0	A002C207	A002
chrX	10000	156030895	4	2.0	0.273365258165498	A002C207	A002
chr1	10000	248946422	2	1.0	1.0	G045	G001
chr2	10000	242183529	2	1.0	1.0	G045	G001
chr3	10000	198285559	2	1.0	1.0	G045	G001
chr4	10000	190204555	3	1.0	0.862638651515946	G045	G001
chr5	10000	181528259	2	1.0	1.0	G045	G001
chr6	10000	170795979	3	1.0	0.885793275858702	G045	G001
chr7	10000	151208144	4	2.0	0.885793275858702	G045	G001
chr7	151208144	159335973	5	2.0	0.5308209964674621	G045	G001
chr8	10000	145128636	4	1.0	0.489091578484646	G045	G001
chr9	10000	138384717	2	1.0	1.0	G045	G001
chr10	10000	133787422	2	1.0	1.0	G045	G001
chr11	10000	135076622	2	1.0	1.0	G045	G001
chr12	10000	133265309	2	1.0	1.0	G045	G001
chr13	10000	114354328	4	2.0	0.885793275858702	G045	G001
chr14	10000	107033718	3	1.0	0.885793275858702	G045	G001
chr15	10000	101981189	2	1.0	1.0	G045	G001
chr16	10000	90328345	2	1.0	1.0	G045	G001
chr17	10000	83247441	2	1.0	1.0	G045	G001
chr18	10000	80363285	2	1.0	1.0	G045	G001
chr19	10000	58607616	6	2.0	0.310999980072774	G045	G001
chr20	10000	64434167	4	1.0	0.497848442363782	G045	G001
chr21	10000	46699983	3	1.0	0.862638651515946	G045	G001
chr22	10000	50808468	2	1.0	1.0	G045	G001
chrX	10000	156030895	1	0	1	G045	G001
chr1	10000	248946422	2	1.0	1.0	F088	F001
chr2	10000	242183529	2	1.0	1.0	F088	F001
chr3	10000	198285559	2	1.0	1.0	F088	F001
chr4	10000	190204555	2	1.0	1.0	F088	F001
chr5	10000	181528259	2	1.0	1.0	F088	F001
chr6	10000	170795979	2	1.0	1.0	F088	F001
chr7	10000	151208100	3	1.0	0.90443295253882	F088	F001
chr7	151208100	159335973	3		0.6842133692085439	F088	F001
chr8	10000	145128636	3	1.0	0.90443295253882	F088	F001
chr9	10000	138384717	3	1.0	0.90443295253882	F088	F001
chr10	10000	133787422	2	1.0	1.0	F088	F001
chr11	10000	135076622	2	1.0	1.0	F088	F001
chr12	10000	133265309	3	1.0	0.7845950219475221	F088	F001
chr13	10000	114354328	2	1.0	1.0	F088	F001
chr14	10000	107033718	2	1.0	1.0	F088	F001
chr15	10000	101981189	2	1.0	1.0	F088	F001
chr16	10000	19051743	2	0.0	0.83943004120352	F088	F001
chr16	19051743	90328345	2	1.0	1.0	F088	F001
chr17	10000	83247441	2	1.0	1.0	F088	F001
chr18	10000	80363285	2	1.0	1.0	F088	F001
chr19	10000	58607616	2	1.0	1.0	F088	F001
chr20	10000	64434167	3	1.0	0.7845950219475221	F088	F001
chr21	10000	46699983	2	1.0	1.0	F088	F001
chr22	10000	50808468	2	1.0	1.0	F088	F001
chrX	10000	156030895	4	1.0	0.668177453067084	F088	F001
chr1	10000	248946422	2	1.0	1.0	A002C022	A002
chr2	10000	242183529	2	1.0	1.0	A002C022	A002
chr3	10000	198285559	2	1.0	1.0	A002C022	A002
chr4	10000	190204555	2	1.0	1.0	A002C022	A002
chr5	10000	181528259	2	1.0	1.0	A002C022	A002
chr6	10000	170795979	2	1.0	1.0	A002C022	A002
chr7	10000	159335973	2	1.0	1.0	A002C022	A002
chr8	10000	145128636	2	1.0	1.0	A002C022	A002
chr9	10000	138384717	2	1.0	1.0	A002C022	A002
chr10	10000	133787422	2	1.0	1.0	A002C022	A002
chr11	10000	135076622	2	1.0	1.0	A002C022	A002
chr12	10000	133265309	2	1.0	1.0	A002C022	A002
chr13	10000	114354328	2	1.0	1.0	A002C022	A002
chr14	10000	107033718	2	1.0	1.0	A002C022	A002
chr15	10000	101981189	2	1.0	1.0	A002C022	A002
chr16	10000	2106020	3	1.0	0.210757066233419	A002C022	A002
chr16	2106020	90328345	2	1.0	1.0	A002C022	A002
chr17	10000	83247441	2	1.0	1.0	A002C022	A002
chr18	10000	80363285	2	1.0	1.0	A002C022	A002
chr19	10000	58607616	2	1.0	1.0	A002C022	A002
chr20	10000	64434167	2	1.0	1.0	A002C022	A002
chr21	10000	46699983	2	1.0	1.0	A002C022	A002
chr22	10000	50808468	2	1.0	1.0	A002C022	A002
chrX	10000	156030895	3	1.0	0.321178605967261	A002C022	A002
chr1	10000	248946422	2	1.0	1.0	G032B	G001
chr2	10000	242183529	2	1.0	1.0	G032B	G001
chr3	10000	198285559	2	1.0	1.0	G032B	G001
chr4	10000	190204555	2	1.0	1.0	G032B	G001
chr5	10000	181528259	2	1.0	1.0	G032B	G001
chr6	10000	170795979	2	1.0	1.0	G032B	G001
chr7	10000	159335973	3	1.0	0.847079096606317	G032B	G001
chr8	10000	145128636	2	1.0	1.0	G032B	G001
chr9	10000	138384717	2	1.0	1.0	G032B	G001
chr10	10000	133787422	2	1.0	1.0	G032B	G001
chr11	10000	135076622	2	1.0	1.0	G032B	G001
chr12	10000	133265309	2	1.0	1.0	G032B	G001
chr13	10000	114354328	3	1.0	0.847079096606317	G032B	G001
chr14	10000	107033718	2	1.0	1.0	G032B	G001
chr15	10000	101981189	2	1.0	1.0	G032B	G001
chr16	10000	90328345	2	1.0	1.0	G032B	G001
chr17	10000	83247441	2	1.0	1.0	G032B	G001
chr18	10000	80363285	2	1.0	1.0	G032B	G001
chr19	10000	58607616	3	1.0	0.847079096606317	G032B	G001
chr20	10000	64434167	2	1.0	1.0	G032B	G001
chr21	10000	46699983	2	1.0	1.0	G032B	G001
chr22	10000	50808468	2	1.0	1.0	G032B	G001
chrX	10000	156030895	1	0	1	G032B	G001
chr1	10000	248946422	2	1.0	1.0	A001C210	A001
chr2	10000	242183529	2	1.0	1.0	A001C210	A001
chr3	10000	198285559	2	1.0	1.0	A001C210	A001
chr4	10000	190204555	2	1.0	1.0	A001C210	A001
chr5	10000	181528259	2	1.0	1.0	A001C210	A001
chr6	10000	170795979	2	1.0	1.0	A001C210	A001
chr7	10000	100960407	2	1.0	1.0	A001C210	A001
chr7	100960407	102569873	3		0.1540137932322259	A001C210	A001
chr7	102569873	159335973	2	1.0	1.0	A001C210	A001
chr8	10000	145128636	2	1.0	1.0	A001C210	A001
chr9	10000	138384717	2	1.0	1.0	A001C210	A001
chr10	10000	133787422	2	1.0	1.0	A001C210	A001
chr11	10000	135076622	2	1.0	1.0	A001C210	A001
chr12	10000	133265309	2	1.0	1.0	A001C210	A001
chr13	10000	114354328	2	1.0	1.0	A001C210	A001
chr14	10000	107033718	2	1.0	1.0	A001C210	A001
chr15	10000	101981189	2	1.0	1.0	A001C210	A001
chr16	10000	90328345	2	1.0	1.0	A001C210	A001
chr17	10000	83247441	2	1.0	1.0	A001C210	A001
chr18	10000	80363285	2	1.0	1.0	A001C210	A001
chr19	10000	58607616	2	1.0	1.0	A001C210	A001
chr20	10000	64434167	2	1.0	1.0	A001C210	A001
chr21	10000	46699983	2	1.0	1.0	A001C210	A001
chr22	10000	50808468	2	1.0	1.0	A001C210	A001
chrX	10000	156030895	1	0	1	A001C210	A001
chr1	10000	248946422	2	1.0	1.0	F095	F001
chr2	10000	242183529	2	1.0	1.0	F095	F001
chr3	10000	198285559	2	1.0	1.0	F095	F001
chr4	10000	190204555	2	1.0	1.0	F095	F001
chr5	10000	181528259	2	1.0	1.0	F095	F001
chr6	10000	170795979	2	1.0	1.0	F095	F001
chr7	10000	159335973	2	1.0	1.0	F095	F001
chr8	10000	145128636	2	1.0	1.0	F095	F001
chr9	10000	138384717	2	1.0	1.0	F095	F001
chr10	10000	133787422	2	1.0	1.0	F095	F001
chr11	10000	135076622	2	1.0	1.0	F095	F001
chr12	10000	133265309	2	1.0	1.0	F095	F001
chr13	10000	114354328	2	1.0	1.0	F095	F001
chr14	10000	107033718	2	1.0	1.0	F095	F001
chr15	10000	101981189	2	1.0	1.0	F095	F001
chr16	10000	90328345	2	1.0	1.0	F095	F001
chr17	10000	64485721	2	1.0	1.0	F095	F001
chr17	64485721	83247441	1	0.0	0.162747268649445	F095	F001
chr18	10000	80363285	2	1.0	1.0	F095	F001
chr19	10000	58607616	2	1.0	1.0	F095	F001
chr20	10000	64434167	2	1.0	1.0	F095	F001
chr21	10000	46699983	1	0.0	0.162747268649445	F095	F001
chr22	10000	50808468	2	1.0	1.0	F095	F001
chrX	10000	156030895	3	1.0	0.310679327856864	F095	F001
chr1	10000	248946422	2	1.0	1.0	G014	G001
chr2	10000	242183529	2	1.0	1.0	G014	G001
chr3	10000	198285559	2	1.0	1.0	G014	G001
chr4	10000	190204555	2	1.0	1.0	G014	G001
chr5	10000	181528259	2	1.0	1.0	G014	G001
chr6	10000	170795979	2	1.0	1.0	G014	G001
chr7	10000	159335973	2	1.0	1.0	G014	G001
chr8	10000	145128636	2	1.0	1.0	G014	G001
chr9	10000	138384717	2	1.0	1.0	G014	G001
chr10	10000	133787422	2	1.0	1.0	G014	G001
chr11	10000	135076622	2	1.0	1.0	G014	G001
chr12	10000	133265309	2	1.0	1.0	G014	G001
chr13	10000	114354328	2	1.0	1.0	G014	G001
chr14	10000	107033718	2	1.0	1.0	G014	G001
chr15	10000	101981189	2	1.0	1.0	G014	G001
chr16	10000	90328345	2	1.0	1.0	G014	G001
chr17	10000	83247441	2	1.0	1.0	G014	G001
chr18	10000	80363285	2	1.0	1.0	G014	G001
chr19	10000	58607616	2	1.0	1.0	G014	G001
chr20	10000	64434167	2	1.0	1.0	G014	G001
chr21	10000	46699983	2	1.0	1.0	G014	G001
chr22	10000	50808468	2	1.0	1.0	G014	G001
chrX	10000	156030895	1	0.0	0.3	G014	G001
chr1	10000	248946422	2	1.0	1.0	F025	F001
chr2	10000	242183529	3	1.0	0.261471716422354	F025	F001
chr3	10000	198285559	3	1.0	0.261471716422354	F025	F001
chr4	10000	190204555	2	1.0	1.0	F025	F001
chr5	10000	181528259	2	1.0	1.0	F025	F001
chr6	10000	170795979	3	1.0	0.261471716422354	F025	F001
chr7	10000	100952563	3	1.0	0.261471716422354	F025	F001
chr7	100952563	159335973	4		0.256383928598171	F025	F001
chr8	10000	145128636	3	1.0	0.261471716422354	F025	F001
chr9	10000	138384717	2	0.0	0.196907742215068	F025	F001
chr10	10000	133787422	2	0.0	0.196907742215068	F025	F001
chr11	10000	135076622	2	1.0	1.0	F025	F001
chr12	10000	133265309	3	1.0	0.261471716422354	F025	F001
chr13	10000	114354328	3		0.261471716422354	F025	F001
chr14	10000	107033718	2	0.0	0.196907742215068	F025	F001
chr15	10000	101981189	2	1.0	1.0	F025	F001
chr16	10000	90328345	2	1.0	1.0	F025	F001
chr17	10000	83247441	3	0.0	0.261471716422354	F025	F001
chr18	10000	80363285	4	2	1	F025	F001
chr19	10000	58607616	3	0.0	0.261471716422354	F025	F001
chr20	10000	64434167	3		0.261471716422354	F025	F001
chr21	10000	46699983	4	2	1	F025	F001
chr22	10000	50808468	4	2	1	F025	F001
chrX	10000	156030895	3	1.0	0.261471716422354	F025	F001
chr1	10000	248946422	2	1.0	1.0	GTrans2	G001
chr2	10000	242183529	2	1.0	1.0	GTrans2	G001
chr3	10000	198285559	2	1.0	1.0	GTrans2	G001
chr4	10000	190204555	2	1.0	1.0	GTrans2	G001
chr5	10000	181528259	2	1.0	1.0	GTrans2	G001
chr6	10000	170795979	2	1.0	1.0	GTrans2	G001
chr7	10000	151208050	2	1.0	1.0	GTrans2	G001
chr7	151208050	159335973	1	0.0	0.1662782521544349	GTrans2	G001
chr8	10000	145128636	2	1.0	1.0	GTrans2	G001
chr9	10000	136334519	2	1.0	1.0	GTrans2	G001
chr9	136334519	138384717	3	0.0	0.156515612209804	GTrans2	G001
chr10	10000	133787422	2	1.0	1.0	GTrans2	G001
chr11	10000	135076622	2	1.0	1.0	GTrans2	G001
chr12	10000	133265309	2	1.0	1.0	GTrans2	G001
chr13	10000	114354328	2	1.0	1.0	GTrans2	G001
chr14	10000	107033718	2	1.0	1.0	GTrans2	G001
chr15	10000	101981189	2	1.0	1.0	GTrans2	G001
chr16	10000	90328345	2	1.0	1.0	GTrans2	G001
chr17	10000	83247441	2	1.0	1.0	GTrans2	G001
chr18	10000	80363285	2	1.0	1.0	GTrans2	G001
chr19	10000	58607616	2	1.0	1.0	GTrans2	G001
chr20	10000	64434167	2	1.0	1.0	GTrans2	G001
chr21	10000	46699983	2	1.0	1.0	GTrans2	G001
chr22	10000	50808468	2	1.0	1.0	GTrans2	G001
chrX	10000	156030895	1	0.0	0.3	GTrans2	G001
chr1	10000	248946422	2	1.0	1.0	F074B	F001
chr2	10000	242183529	2	1.0	1.0	F074B	F001
chr3	10000	198285559	2	1.0	1.0	F074B	F001
chr4	10000	87656503	2	1.0	1.0	F074B	F001
chr4	87656503	190204555	3	1.0	0.3	F074B	F001
chr5	10000	181528259	2	1.0	1.0	F074B	F001
chr6	10000	170795979	2	1.0	1.0	F074B	F001
chr7	10000	159335973	2	1.0	1.0	F074B	F001
chr8	10000	145128636	2	1.0	1.0	F074B	F001
chr9	10000	138384717	2	1.0	1.0	F074B	F001
chr10	10000	133787422	2	1.0	1.0	F074B	F001
chr11	10000	135076622	2	1.0	1.0	F074B	F001
chr12	10000	133265309	2	1.0	1.0	F074B	F001
chr13	10000	114354328	2	1.0	1.0	F074B	F001
chr14	10000	107033718	2	1.0	1.0	F074B	F001
chr15	10000	101981189	2	1.0	1.0	F074B	F001
chr16	10000	90328345	2	1.0	1.0	F074B	F001
chr17	10000	83247441	2	1.0	1.0	F074B	F001
chr18	10000	80363285	2	1.0	1.0	F074B	F001
chr19	10000	58607616	2	1.0	1.0	F074B	F001
chr20	10000	64434167	2	1.0	1.0	F074B	F001
chr21	10000	46699983	2	1.0	1.0	F074B	F001
chr22	10000	50808468	2	1.0	1.0	F074B	F001
chrX	10000	156030895	3	1.0	0.3	F074B	F001
chr1	10000	248946422	2	1.0	1.0	G065	G001
chr2	10000	242183529	2	1.0	1.0	G065	G001
chr3	10000	198285559	2	1.0	1.0	G065	G001
chr4	10000	190204555	2	1.0	1.0	G065	G001
chr5	10000	181528259	2	0.0	0.8072921409667779	G065	G001
chr6	10000	170795979	2	1.0	1.0	G065	G001
chr7	10000	159335973	3	1.0	0.8076652239046641	G065	G001
chr8	10000	145128636	2	1.0	1.0	G065	G001
chr9	10000	138384717	2	1.0	1.0	G065	G001
chr10	10000	133787422	2	1.0	1.0	G065	G001
chr11	10000	135076622	2	1.0	1.0	G065	G001
chr12	10000	133265309	2	1.0	1.0	G065	G001
chr13	10000	114354328	3	1.0	0.8076652239046641	G065	G001
chr14	10000	107033718	2	1.0	1.0	G065	G001
chr15	10000	101981189	2	1.0	1.0	G065	G001
chr16	10000	90328345	2	1.0	1.0	G065	G001
chr17	10000	83247441	3	1.0	0.8076652239046641	G065	G001
chr18	10000	80363285	2	1.0	1.0	G065	G001
chr19	10000	58607616	2	1.0	1.0	G065	G001
chr20	10000	64434167	2	1.0	1.0	G065	G001
chr21	10000	46699983	2	1.0	1.0	G065	G001
chr22	10000	50808468	2	1.0	1.0	G065	G001
chrX	10000	156030895	1	0	1	G065	G001
chr1	10000	248946422	2	1.0	1.0	A002C102	A002
chr2	10000	242183529	2	1.0	1.0	A002C102	A002
chr3	10000	198285559	2	1.0	1.0	A002C102	A002
chr4	10000	190204555	2	1.0	1.0	A002C102	A002
chr5	10000	181528259	2	1.0	1.0	A002C102	A002
chr6	10000	170795979	2	1.0	1.0	A002C102	A002
chr7	10000	159335973	3	1.0	0.473693822391356	A002C102	A002
chr8	10000	145128636	2	1.0	1.0	A002C102	A002
chr9	10000	138384717	2	1.0	1.0	A002C102	A002
chr10	10000	133787422	2	1.0	1.0	A002C102	A002
chr11	10000	135076622	2	1.0	1.0	A002C102	A002
chr12	10000	133265309	2	1.0	1.0	A002C102	A002
chr13	10000	114354328	3	1.0	0.4181728567951029	A002C102	A002
chr14	10000	107033718	2	1.0	1.0	A002C102	A002
chr15	10000	101981189	2	1.0	1.0	A002C102	A002
chr16	10000	2097276	3	1.0	0.286858511943771	A002C102	A002
chr16	2097276	90328345	2	1.0	1.0	A002C102	A002
chr17	10000	83247441	2	1.0	1.0	A002C102	A002
chr18	10000	80363285	2	1.0	1.0	A002C102	A002
chr19	10000	19794702	2	1.0	1.0	A002C102	A002
chr19	19794702	24127753	0	0.0	0.473693822391356	A002C102	A002
chr19	24127753	58607616	2	1.0	1.0	A002C102	A002
chr20	10000	64434167	2	1.0	1.0	A002C102	A002
chr21	10000	46699983	2	1.0	1.0	A002C102	A002
chr22	10000	50808468	2	1.0	1.0	A002C102	A002
chrX	10000	156030895	3	1.0	0.471074371692294	A002C102	A002
chr1	10000	248946422	2	1.0	1.0	G006	G001
chr2	10000	242183529	2	1.0	1.0	G006	G001
chr3	10000	198285559	2	1.0	1.0	G006	G001
chr4	10000	190204555	2	1.0	1.0	G006	G001
chr5	10000	181528259	2	1.0	1.0	G006	G001
chr6	10000	170795979	2	1.0	1.0	G006	G001
chr7	10000	159335973	3	1.0	0.60940367832774	G006	G001
chr8	10000	145128636	2	1.0	1.0	G006	G001
chr9	10000	138384717	2	1.0	1.0	G006	G001
chr10	10000	133787422	2	1.0	1.0	G006	G001
chr11	10000	135076622	2	1.0	1.0	G006	G001
chr12	10000	133265309	2	1.0	1.0	G006	G001
chr13	10000	114354328	3	1.0	0.60940367832774	G006	G001
chr14	10000	107033718	2	1.0	1.0	G006	G001
chr15	10000	101981189	2	1.0	1.0	G006	G001
chr16	10000	90328345	2	1.0	1.0	G006	G001
chr17	10000	83247441	2	1.0	1.0	G006	G001
chr18	10000	80363285	2	1.0	1.0	G006	G001
chr19	10000	58607616	2	1.0	1.0	G006	G001
chr20	10000	64434167	2	1.0	1.0	G006	G001
chr21	10000	46699983	2	1.0	1.0	G006	G001
chr22	10000	50808468	2	1.0	1.0	G006	G001
chrX	10000	156030895	1	0.0	1.0	G006	G001
chr1	10000	248946422	2	1.0	1.0	A002C103	A002
chr2	10000	242183529	2	1.0	1.0	A002C103	A002
chr3	10000	198285559	2	1.0	1.0	A002C103	A002
chr4	10000	190204555	2	1.0	1.0	A002C103	A002
chr5	10000	181528259	2	1.0	1.0	A002C103	A002
chr6	10000	170795979	2	1.0	1.0	A002C103	A002
chr7	10000	159335973	2	1.0	1.0	A002C103	A002
chr8	10000	145128636	2	1.0	1.0	A002C103	A002
chr9	10000	138384717	2	1.0	1.0	A002C103	A002
chr10	10000	133787422	2	1.0	1.0	A002C103	A002
chr11	10000	135076622	2	1.0	1.0	A002C103	A002
chr12	10000	133265309	2	1.0	1.0	A002C103	A002
chr13	10000	114354328	2	1.0	1.0	A002C103	A002
chr14	10000	107033718	2	1.0	1.0	A002C103	A002
chr15	10000	101981189	2	1.0	1.0	A002C103	A002
chr16	10000	2097257	3	1.0	0.196400438361784	A002C103	A002
chr16	2097257	90328345	2	1.0	1.0	A002C103	A002
chr17	10000	83247441	2	1.0	1.0	A002C103	A002
chr18	10000	80363285	2	1.0	1.0	A002C103	A002
chr19	10000	58607616	2	1.0	1.0	A002C103	A002
chr20	10000	64434167	2	1.0	1.0	A002C103	A002
chr21	10000	46699983	2	1.0	1.0	A002C103	A002
chr22	10000	50808468	2	1.0	1.0	A002C103	A002
chrX	10000	156030895	5	2.0	0.158913393342384	A002C103	A002
chr1	10000	248946422	2	1.0	1.0	A001C021	A001
chr2	10000	242183529	2	1.0	1.0	A001C021	A001
chr3	10000	198285559	2	1.0	1.0	A001C021	A001
chr4	10000	190204555	2	1.0	1.0	A001C021	A001
chr5	10000	181528259	2	1.0	1.0	A001C021	A001
chr6	10000	170795979	2	1.0	1.0	A001C021	A001
chr7	10000	159335973	2	1.0	1.0	A001C021	A001
chr8	10000	145128636	2	1.0	1.0	A001C021	A001
chr9	10000	138384717	2	1.0	1.0	A001C021	A001
chr10	10000	133787422	2	1.0	1.0	A001C021	A001
chr11	10000	135076622	2	1.0	1.0	A001C021	A001
chr12	10000	133265309	2	1.0	1.0	A001C021	A001
chr13	10000	114354328	2	1.0	1.0	A001C021	A001
chr14	10000	107033718	2	1.0	1.0	A001C021	A001
chr15	10000	101981189	2	1.0	1.0	A001C021	A001
chr16	10000	90328345	2	1.0	1.0	A001C021	A001
chr17	10000	83247441	2	1.0	1.0	A001C021	A001
chr18	10000	80363285	2	1.0	1.0	A001C021	A001
chr19	10000	58607616	1	0.0	0.289124401027714	A001C021	A001
chr20	10000	64434167	2	1.0	1.0	A001C021	A001
chr21	10000	46699983	2	1.0	1.0	A001C021	A001
chr22	10000	50808468	2	1.0	1.0	A001C021	A001
chrX	10000	156030895	1	0	1	A001C021	A001
chr1	10000	248946422	2	1.0	1.0	A001C219	A001
chr2	10000	242183529	2	1.0	1.0	A001C219	A001
chr3	10000	198285559	2	1.0	1.0	A001C219	A001
chr4	10000	190204555	3	1.0	0.151404619589554	A001C219	A001
chr5	10000	181528259	2	1.0	1.0	A001C219	A001
chr6	10000	170795979	2	1.0	1.0	A001C219	A001
chr7	10000	159335973	2	1.0	1.0	A001C219	A001
chr8	10000	145128636	3	1.0	0.151404619589554	A001C219	A001
chr9	10000	138384717	2	1.0	1.0	A001C219	A001
chr10	10000	133787422	2	1.0	1.0	A001C219	A001
chr11	10000	135076622	2	1.0	1.0	A001C219	A001
chr12	10000	133265309	2	1.0	1.0	A001C219	A001
chr13	10000	114354328	2	1.0	1.0	A001C219	A001
chr14	10000	107033718	2	1.0	1.0	A001C219	A001
chr15	10000	101981189	2	1.0	1.0	A001C219	A001
chr16	10000	90328345	2	1.0	1.0	A001C219	A001
chr17	10000	83247441	2	1.0	1.0	A001C219	A001
chr18	10000	80363285	2	1.0	1.0	A001C219	A001
chr19	10000	58607616	2	1.0	1.0	A001C219	A001
chr20	10000	64434167	2	1.0	1.0	A001C219	A001
chr21	10000	46699983	2	1.0	1.0	A001C219	A001
chr22	10000	50808468	2	1.0	1.0	A001C219	A001
chrX	10000	156030895	1	0	1	A001C219	A001
chr1	10000	248946422	2	1.0	1.0	F032	F001
chr2	10000	242183529	2	1.0	1.0	F032	F001
chr3	10000	195790682	2	1.0	1.0	F032	F001
chr3	195790682	198285559	1	0.0	0.178103939443761	F032	F001
chr4	10000	190204555	2	1.0	1.0	F032	F001
chr5	10000	181528259	2	1.0	1.0	F032	F001
chr6	10000	170795979	2	1.0	1.0	F032	F001
chr7	10000	159335973	2	1.0	1.0	F032	F001
chr8	10000	145128636	2	1.0	1.0	F032	F001
chr9	10000	138384717	2	1.0	1.0	F032	F001
chr10	10000	133787422	2	1.0	1.0	F032	F001
chr11	10000	135076622	2	1.0	1.0	F032	F001
chr12	10000	133265309	2	1.0	1.0	F032	F001
chr13	10000	114354328	2	1.0	1.0	F032	F001
chr14	10000	107033718	2	1.0	1.0	F032	F001
chr15	10000	101981189	2	1.0	1.0	F032	F001
chr16	10000	90328345	2	1.0	1.0	F032	F001
chr17	10000	83247441	2	1.0	1.0	F032	F001
chr18	10000	80363285	2	1.0	1.0	F032	F001
chr19	10000	58607616	2	1.0	1.0	F032	F001
chr20	10000	64434167	2	1.0	1.0	F032	F001
chr21	10000	46699983	2	1.0	1.0	F032	F001
chr22	10000	50808468	2	1.0	1.0	F032	F001
chrX	10000	156030895	3	0.0	0.256421819410884	F032	F001
chr1	10000	248946422	2	1.0	1.0	F040	F001
chr2	10000	242183529	2	1.0	1.0	F040	F001
chr3	10000	198285559	2	1.0	1.0	F040	F001
chr4	10000	190204555	2	1.0	1.0	F040	F001
chr5	10000	181528259	2	1.0	1.0	F040	F001
chr6	10000	170795979	2	1.0	1.0	F040	F001
chr7	10000	159335973	2	1.0	1.0	F040	F001
chr8	10000	145128636	2	1.0	1.0	F040	F001
chr9	10000	138384717	2	1.0	1.0	F040	F001
chr10	10000	133787422	2	1.0	1.0	F040	F001
chr11	10000	135076622	2	1.0	1.0	F040	F001
chr12	10000	133265309	2	1.0	1.0	F040	F001
chr13	10000	114354328	2	1.0	1.0	F040	F001
chr14	10000	107033718	2	1.0	1.0	F040	F001
chr15	10000	101981189	2	1.0	1.0	F040	F001
chr16	10000	90328345	2	1.0	1.0	F040	F001
chr17	10000	83247441	2	1.0	1.0	F040	F001
chr18	10000	80363285	2	1.0	1.0	F040	F001
chr19	10000	58607616	2	1.0	1.0	F040	F001
chr20	10000	64434167	2	1.0	1.0	F040	F001
chr21	10000	46699983	1	0.0	0.165474022717604	F040	F001
chr22	10000	50808468	2	1.0	1.0	F040	F001
chrX	10000	156030895	3	1.0	0.295857853790647	F040	F001
chr1	10000	248946422	2	1.0	1.0	G049	G001
chr2	10000	242183529	2	1.0	1.0	G049	G001
chr3	10000	198285559	2	1.0	1.0	G049	G001
chr4	10000	190204555	2	1.0	1.0	G049	G001
chr5	10000	181528259	2	1.0	1.0	G049	G001
chr6	10000	170795979	2	1.0	1.0	G049	G001
chr7	10000	159335973	2	1.0	1.0	G049	G001
chr8	10000	145128636	2	1.0	1.0	G049	G001
chr9	10000	138384717	2	1.0	1.0	G049	G001
chr10	10000	133787422	2	1.0	1.0	G049	G001
chr11	10000	135076622	2	1.0	1.0	G049	G001
chr12	10000	133265309	2	1.0	1.0	G049	G001
chr13	10000	114354328	2	1.0	1.0	G049	G001
chr14	10000	107033718	2	1.0	1.0	G049	G001
chr15	10000	101981189	2	1.0	1.0	G049	G001
chr16	10000	2097276	3	1.0	0.194883829143328	G049	G001
chr16	2097276	90328345	2	1.0	1.0	G049	G001
chr17	10000	83247441	2	1.0	1.0	G049	G001
chr18	10000	80363285	2	1.0	1.0	G049	G001
chr19	10000	19794572	2	1.0	1.0	G049	G001
chr19	19794572	24128050	0	0.0	0.4691699320557519	G049	G001
chr19	24128050	58607616	2	1.0	1.0	G049	G001
chr20	10000	64434167	2	1.0	1.0	G049	G001
chr21	10000	46699983	2	1.0	1.0	G049	G001
chr22	10000	50808468	2	1.0	1.0	G049	G001
chrX	10000	156030895	1	0.0	1.0	G049	G001
chr1	10000	248946422	2	1.0	1.0	FAsc001	F001
chr2	10000	242183529	2	1.0	1.0	FAsc001	F001
chr3	10000	198285559	3	0.0	0.212496790692649	FAsc001	F001
chr4	10000	190204555	2	1.0	1.0	FAsc001	F001
chr5	10000	181528259	2	1.0	1.0	FAsc001	F001
chr6	10000	170795979	2	1.0	1.0	FAsc001	F001
chr7	10000	159335973	2	1.0	1.0	FAsc001	F001
chr8	10000	145128636	2	1.0	1.0	FAsc001	F001
chr9	10000	138384717	2	1.0	1.0	FAsc001	F001
chr10	10000	133787422	2	1.0	1.0	FAsc001	F001
chr11	10000	135076622	2	1.0	1.0	FAsc001	F001
chr12	10000	133265309	2	1.0	1.0	FAsc001	F001
chr13	10000	114354328	2	1	1	FAsc001	F001
chr14	10000	107033718	2	1.0	1.0	FAsc001	F001
chr15	10000	101981189	2	1.0	1.0	FAsc001	F001
chr16	10000	90328345	2	1.0	1.0	FAsc001	F001
chr17	10000	83247441	2	0.0	0.275096301444847	FAsc001	F001
chr18	10000	80363285	2	1	1	FAsc001	F001
chr19	10000	58607616	2	0.0	0.275096301444847	FAsc001	F001
chr20	10000	64434167	2	1	1	FAsc001	F001
chr21	10000	46699983	2	1	1	FAsc001	F001
chr22	10000	50808468	2	1	1	FAsc001	F001
chrX	10000	156030895	4	1.0	0.275096301444847	FAsc001	F001
chr1	10000	248946422	1	0.0	0.387212245441667	G002B	G001
chr2	10000	242183529	1	0.0	0.387212245441667	G002B	G001
chr3	10000	198285559	1	0.0	0.387212245441667	G002B	G001
chr4	10000	190204555	1	0.0	0.387212245441667	G002B	G001
chr5	10000	181528259	1	0.0	0.377354393573931	G002B	G001
chr6	10000	170795979	1	0.0	0.387212245441667	G002B	G001
chr7	10000	159335973	2	1.0	1.0	G002B	G001
chr8	10000	145128636	1	0.0	0.387212245441667	G002B	G001
chr9	10000	138384717	1	0.0	0.387212245441667	G002B	G001
chr10	10000	133787422	1	0.0	0.268828306091846	G002B	G001
chr11	10000	135076622	2	1.0	1.0	G002B	G001
chr12	10000	133265309	2	1.0	1.0	G002B	G001
chr13	10000	114354328	2	1.0	1.0	G002B	G001
chr14	10000	107033718	1	0.0	0.387212245441667	G002B	G001
chr15	10000	101981189	1	0.0	0.377354393573931	G002B	G001
chr16	10000	90328345	1	0.0	0.387212245441667	G002B	G001
chr17	10000	83247441	2	1.0	1.0	G002B	G001
chr18	10000	80363285	1	0.0	0.387212245441667	G002B	G001
chr19	10000	58607616	2	1.0	1.0	G002B	G001
chr20	10000	64434167	2	1.0	1.0	G002B	G001
chr21	10000	46699983	1	0.0	0.377354393573931	G002B	G001
chr22	10000	50808468	1	0.0	0.387212245441667	G002B	G001
chrX	10000	156030895	1	0.0	0.284035588366258	G002B	G001
chr1	10000	248946422	2	1.0	1.0	G039	G001
chr2	10000	242183529	2	1.0	1.0	G039	G001
chr3	10000	198285559	2	1.0	1.0	G039	G001
chr4	10000	190204555	2	1.0	1.0	G039	G001
chr5	10000	181528259	2	1.0	1.0	G039	G001
chr6	10000	170795979	2	1.0	1.0	G039	G001
chr7	10000	159335973	2	1.0	1.0	G039	G001
chr8	10000	145128636	2	1.0	1.0	G039	G001
chr9	10000	138384717	2	1.0	1.0	G039	G001
chr10	10000	133787422	2	1.0	1.0	G039	G001
chr11	10000	135076622	2	1.0	1.0	G039	G001
chr12	10000	133265309	2	1.0	1.0	G039	G001
chr13	10000	114354328	2	1.0	1.0	G039	G001
chr14	10000	107033718	2	1.0	1.0	G039	G001
chr15	10000	101981189	2	1.0	1.0	G039	G001
chr16	10000	90328345	2	1.0	1.0	G039	G001
chr17	10000	83247441	2	1.0	1.0	G039	G001
chr18	10000	80363285	2	1.0	1.0	G039	G001
chr19	10000	58607616	2	1.0	1.0	G039	G001
chr20	10000	64434167	2	1.0	1.0	G039	G001
chr21	10000	46699983	2	1.0	1.0	G039	G001
chr22	10000	50808468	2	1.0	1.0	G039	G001
chrX	10000	156030895	1	0.0	0.3	G039	G001
chr1	10000	248946422	2	1.0	1.0	A002C122	A002
chr2	10000	242183529	2	1.0	1.0	A002C122	A002
chr3	10000	198285559	2	1.0	1.0	A002C122	A002
chr4	10000	190204555	2	1.0	1.0	A002C122	A002
chr5	10000	181528259	2	1.0	1.0	A002C122	A002
chr6	10000	170795979	2	1.0	1.0	A002C122	A002
chr7	10000	151208081	2	1.0	1.0	A002C122	A002
chr7	151208081	159335973	1	0.0	0.29010803106344	A002C122	A002
chr8	10000	145128636	2	1.0	1.0	A002C122	A002
chr9	10000	138384717	2	1.0	1.0	A002C122	A002
chr10	10000	133787422	2	1.0	1.0	A002C122	A002
chr11	10000	135076622	2	1.0	1.0	A002C122	A002
chr12	10000	133265309	2	1.0	1.0	A002C122	A002
chr13	10000	114354328	2	1.0	1.0	A002C122	A002
chr14	10000	107033718	2	1.0	1.0	A002C122	A002
chr15	10000	101981189	2	1.0	1.0	A002C122	A002
chr16	10000	2097213	3	1.0	0.2356519531970789	A002C122	A002
chr16	2097213	90328345	2	1.0	1.0	A002C122	A002
chr17	10000	83247441	2	1.0	1.0	A002C122	A002
chr18	10000	80363285	2	1.0	1.0	A002C122	A002
chr19	10000	58607616	2	1.0	1.0	A002C122	A002
chr20	10000	64434167	2	1.0	1.0	A002C122	A002
chr21	10000	46699983	2	1.0	1.0	A002C122	A002
chr22	10000	50808468	3	1.0	0.1692231900836009	A002C122	A002
chrX	10000	156030895	5	2.0	0.257145396728329	A002C122	A002
chr1	10000	248946422	2	1.0	1.0	A001C122	A001
chr2	10000	242183529	2	1.0	1.0	A001C122	A001
chr3	10000	198285559	2	1.0	1.0	A001C122	A001
chr4	10000	190204555	2	1.0	1.0	A001C122	A001
chr5	10000	181528259	2	1.0	1.0	A001C122	A001
chr6	10000	170795979	2	1.0	1.0	A001C122	A001
chr7	10000	159335973	2	1.0	1.0	A001C122	A001
chr8	10000	145128636	2	1.0	1.0	A001C122	A001
chr9	10000	138384717	2	1.0	1.0	A001C122	A001
chr10	10000	133787422	2	1.0	1.0	A001C122	A001
chr11	10000	135076622	2	1.0	1.0	A001C122	A001
chr12	10000	133265309	2	1.0	1.0	A001C122	A001
chr13	10000	114354328	2	1.0	1.0	A001C122	A001
chr14	10000	107033718	2	1.0	1.0	A001C122	A001
chr15	10000	101981189	2	1.0	1.0	A001C122	A001
chr16	10000	90328345	2	1.0	1.0	A001C122	A001
chr17	10000	83247441	2	1.0	1.0	A001C122	A001
chr18	10000	80363285	2	1.0	1.0	A001C122	A001
chr19	10000	58607616	2	1.0	1.0	A001C122	A001
chr20	10000	64434167	2	1.0	1.0	A001C122	A001
chr21	10000	46699983	2	1.0	1.0	A001C122	A001
chr22	10000	50808468	2	1.0	1.0	A001C122	A001
chrX	10000	156030895	1	0	1	A001C122	A001
chr1	10000	248946422	2	1.0	1.0	A001C005	A001
chr2	10000	242183529	2	1.0	1.0	A001C005	A001
chr3	10000	198285559	2	1.0	1.0	A001C005	A001
chr4	10000	190204555	2	1.0	1.0	A001C005	A001
chr5	10000	181528259	2	1.0	1.0	A001C005	A001
chr6	10000	170795979	2	1.0	1.0	A001C005	A001
chr7	10000	159335973	2	1.0	1.0	A001C005	A001
chr8	10000	145128636	2	1.0	1.0	A001C005	A001
chr9	10000	138384717	2	1.0	1.0	A001C005	A001
chr10	10000	133787422	2	1.0	1.0	A001C005	A001
chr11	10000	135076622	2	1.0	1.0	A001C005	A001
chr12	10000	133265309	2	1.0	1.0	A001C005	A001
chr13	10000	114354328	2	1.0	1.0	A001C005	A001
chr14	10000	107033718	2	1.0	1.0	A001C005	A001
chr15	10000	101981189	2	1.0	1.0	A001C005	A001
chr16	10000	90328345	2	1.0	1.0	A001C005	A001
chr17	10000	83247441	2	1.0	1.0	A001C005	A001
chr18	10000	80363285	2	1.0	1.0	A001C005	A001
chr19	10000	58607616	1	0.0	0.3	A001C005	A001
chr20	10000	64434167	2	1.0	1.0	A001C005	A001
chr21	10000	46699983	2	1.0	1.0	A001C005	A001
chr22	10000	50808468	2	1.0	1.0	A001C005	A001
chrX	10000	156030895	1	0.0	0.18269983866976	A001C005	A001
